id;url_fichier;nom_fichier;date_upload
1;triste triangulaire;membre de l’équipe auprès de;2025-07-27T09:19:56
2;tisser;prestataire de services;2025-07-27T09:29:07
3;près marron comme;jadis du fait que repartir;2025-07-27T05:15:41
4;rédaction;intéresser terne que;2025-07-26T23:22:28
5;boum;grrr autrefois;2025-07-27T20:51:55
6;à la merci ouille;de façon à ce que guide;2025-07-27T20:31:54
7;équipe de recherche infiniment au-dessous de;pschitt à cause de;2025-07-27T19:59:15
8;vlan;trop en sous;2025-07-27T08:47:26
9;critiquer juriste transmettre;au défaut de racheter gérer;2025-07-26T22:43:41
10;sans que insipide;corriger tant clientèle;2025-07-27T02:55:08
